t,LHEE_x,LHEE_y,LHEE_z,LTOE_x,LTOE_y,LTOE_z,RHEE_x,RHEE_y,RHEE_z,RTOE_x,RTOE_y,RTOE_z
0,NaN,NaN,NaN,1997.91638183594,1089.60888671875,23.4290580749512,2423.7001953125,1228.57727050781,171.599548339844,2209.24291992188,1256.13684082031,68.0181427001953
0.0166666666666667,NaN,NaN,NaN,1997.84985351562,1089.58508300781,23.2012252807617,2342.97729492188,1197.59765625,177.918426513672,2156.69702148438,1255.46496582031,64.2033386230469
0.0333333333333333,NaN,NaN,NaN,1997.82214355469,1089.52893066406,23.0175838470459,2276.6357421875,1179.79125976562,173.183822631836,2103.2919921875,1255.24523925781,60.2077140808105
0.05,NaN,NaN,NaN,1997.8525390625,1089.42041015625,22.9032955169678,2230.26513671875,1180.57763671875,152.764694213867,2048.54418945312,1255.693359375,56.0420722961426
0.0666666666666667,NaN,NaN,NaN,1997.92919921875,1089.25805664062,22.8565654754639,2182.18188476562,1181.45532226562,131.910125732422,1992.36865234375,1256.74060058594,51.9804153442383
0.0833333333333333,NaN,NaN,NaN,1998.01904296875,1089.07006835938,22.8525314331055,2131.57934570312,1182.66271972656,110.736602783203,1934.95886230469,1258.15466308594,48.4944114685059
0.1,NaN,NaN,NaN,1998.08972167969,1088.91381835938,22.8554611206055,2078.50805664062,1184.4716796875,89.9056167602539,1876.68432617188,1259.62768554688,46.1207504272461
0.116666666666667,NaN,NaN,NaN,1998.12109375,1088.83337402344,22.8350982666016,2023.36108398438,1186.88000488281,70.3861465454102,1817.99401855469,1260.76525878906,45.3544692993164
0.133333333333333,NaN,NaN,NaN,1998.0986328125,1088.81335449219,22.7801322937012,1966.74658203125,1189.57458496094,53.3044395446777,1759.40710449219,1261.11376953125,46.5934600830078
0.15,NaN,NaN,NaN,1998.01721191406,1088.79650878906,22.6995868682861,1909.70202636719,1192.19226074219,39.6797866821289,1701.59631347656,1260.28051757812,50.0446281433105
0.166666666666667,NaN,NaN,NaN,1997.90393066406,1088.74670410156,22.6122779846191,1853.72521972656,1194.41625976562,30.0748023986816,1645.49291992188,1258.05627441406,55.5610198974609
0.183333333333333,NaN,NaN,NaN,1997.80908203125,1088.67028808594,22.5368270874023,1800.57666015625,1195.94860839844,24.3993301391602,1592.39819335938,1254.50695800781,62.5575675964355
0.2,NaN,NaN,NaN,1997.75695800781,1088.57788085938,22.4912281036377,1752.13842773438,1196.56616210938,21.905216217041,1544.02160644531,1250.021484375,70.0931167602539
0.216666666666667,NaN,NaN,NaN,1997.72766113281,1088.45678710938,22.4944267272949,1710.25329589844,1196.11022949219,21.3769092559814,1502.25964355469,1245.25219726562,76.9755249023438
0.233333333333333,NaN,NaN,NaN,1997.69372558594,1088.28955078125,22.5593852996826,1676.36682128906,1194.45349121094,21.5142574310303,1468.650390625,1240.90954589844,81.793342590332
0.25,NaN,NaN,NaN,1997.63891601562,1088.08422851562,22.6890029907227,1651.107421875,1191.56396484375,21.3656330108643,1443.7275390625,1237.44653320312,83.1277694702148
0.266666666666667,NaN,NaN,NaN,1997.53271484375,1087.86779785156,22.8815288543701,1634.05432128906,1187.58630371094,20.562873840332,1426.73327636719,1234.7978515625,80.1672973632812
0.283333333333333,NaN,NaN,NaN,1997.30383300781,1087.64953613281,23.1344451904297,1623.8427734375,1182.97412109375,19.2589530944824,1415.91198730469,1232.41955566406,73.2659606933594
0.3,NaN,NaN,NaN,1996.83911132812,1087.39978027344,23.4490833282471,1618.55578613281,1178.5830078125,17.9344253540039,1409.06530761719,1229.6396484375,63.8040313720703
0.316666666666667,NaN,NaN,NaN,1996.02478027344,1087.07507324219,23.8207626342773,1616.18505859375,1175.39611816406,17.1643333435059,1404.09692382812,1226.13842773438,53.5874557495117
0.333333333333333,NaN,NaN,NaN,1994.82678222656,1086.68737792969,24.1924057006836,1615.08837890625,1173.94067382812,17.2850036621094,1399.62707519531,1222.28723144531,44.3732452392578
0.35,NaN,NaN,NaN,1993.32275390625,1086.34948730469,24.4315395355225,1614.35913085938,1173.9541015625,18.1217784881592,1395.40502929688,1218.91467285156,37.4410095214844
0.366666666666667,2187.38159179688,1126.63891601562,112.617950439453,1991.630859375,1086.23522949219,24.4075145721436,1613.75695800781,1174.67626953125,19.1434803009033,1391.90759277344,1216.58996582031,33.1567115783691
0.383333333333333,2177.68139648438,1126.53918457031,132.692413330078,1989.7998046875,1086.47509765625,24.1414566040039,1613.26770019531,1175.44104003906,19.9333324432373,1389.470703125,1215.32556152344,30.9947547912598
0.4,2158.84106445312,1123.9052734375,149.913635253906,1987.60083007812,1087.05639648438,23.9798240661621,1612.86926269531,1175.97741699219,20.394287109375,1387.9931640625,1214.88708496094,30.0837478637695
0.416666666666667,2135.798828125,1122.53649902344,170.404022216797,1984.21765136719,1087.76708984375,24.6841144561768,1612.591796875,1176.31799316406,20.5945053100586,1387.21643066406,1214.99096679688,29.7368049621582
0.433333333333333,2112.38916015625,1118.60290527344,188.440872192383,1978.24682617188,1088.20178222656,27.1606273651123,1612.5087890625,1176.58166503906,20.6246147155762,1386.90905761719,1215.31494140625,29.5931816101074
0.45,2081.5859375,1112.39990234375,208.745483398438,1968.14733886719,1087.80895996094,31.8783531188965,1612.62854003906,1176.8349609375,20.5766067504883,1386.87182617188,1215.61364746094,29.50146484375
0.466666666666667,2052.4697265625,1108.83630371094,225.453353881836,1952.55859375,1085.9736328125,38.5473136901855,1612.857421875,1177.0576171875,20.5424613952637,1386.9453125,1215.79077148438,29.4046783447266
0.483333333333333,2020.01550292969,1108.16784667969,240.377517700195,1930.37231445312,1082.25805664062,46.3016319274902,1613.04833984375,1177.16516113281,20.5977191925049,1387.01733398438,1215.83483886719,29.2888298034668
0.5,1987.00170898438,1110.12817382812,248.557495117188,1901.00903320312,1076.76623535156,54.0620765686035,1613.07299804688,1177.06018066406,20.7828044891357,1387.01379394531,1215.77111816406,29.1625595092773
0.516666666666667,1954.93212890625,1113.17761230469,251.059387207031,1864.70166015625,1070.22155761719,60.8589057922363,1612.87780761719,1176.69714355469,21.0949192047119,1386.8974609375,1215.65600585938,29.0437812805176
0.533333333333333,1923.01062011719,1118.0322265625,246.962936401367,1822.38232421875,1063.60852050781,66.0585708618164,1612.51684570312,1176.13122558594,21.4924392700195,1386.6748046875,1215.56005859375,28.9441375732422
0.55,1886.22766113281,1119.89831542969,242.672866821289,1775.34887695312,1057.75415039062,69.3923034667969,1612.15747070312,1175.51513671875,21.9069366455078,1386.40478515625,1215.541015625,28.8657722473145
0.566666666666667,1849.10046386719,1118.98645019531,233.380844116211,1724.91137695312,1053.09948730469,70.8284530639648,1612.01733398438,1175.03002929688,22.2785835266113,1386.18103027344,1215.61901855469,28.8026390075684
0.583333333333333,1809.55859375,1118.47521972656,220.055541992188,1672.09899902344,1049.68212890625,70.434944152832,1612.23937988281,1174.77709960938,22.6089553833008,1386.07202148438,1215.76745605469,28.7352638244629
0.6,1771.45336914062,1119.83947753906,203.285919189453,1617.57458496094,1047.28405761719,68.3474731445312,1612.81787109375,1174.73425292969,22.9529914855957,1386.07263183594,1215.9404296875,28.6415557861328
0.616666666666667,1727.67431640625,1118.2919921875,183.406814575195,1561.7373046875,1045.57958984375,64.8650817871094,1613.61511230469,1174.80639648438,23.336799621582,1386.12609863281,1216.11242675781,28.5184135437012
0.633333333333333,1680.95446777344,1119.03698730469,164.417602539062,1504.82348632812,1044.25598144531,60.5041313171387,1613.53295898438,1174.87438964844,24.0152645111084,1386.17236328125,1216.28112792969,28.3865776062012
0.65,1631.60400390625,1118.06665039062,143.682357788086,1446.95141601562,1043.19018554688,55.8908271789551,1612.865234375,1174.81201171875,24.9828605651855,1386.17639160156,1216.45654296875,28.2872352600098
0.666666666666667,1580.63757324219,1118.36865234375,122.065269470215,1388.20178222656,1042.55908203125,51.607479095459,1612.21704101562,1174.5205078125,26.1262016296387,1386.12731933594,1216.6708984375,28.2665367126465
0.683333333333333,1527.34680175781,1118.0576171875,101.412391662598,1328.72985839844,1042.73791503906,48.1304473876953,1611.7041015625,1173.98693847656,27.3137264251709,1386.01708984375,1216.9697265625,28.3408966064453
0.7,1472.55285644531,1113.37780761719,85.481559753418,1268.82775878906,1044.09887695312,45.857536315918,1611.38110351562,1173.15954589844,28.6347122192383,1385.85473632812,1217.35961914062,28.4831657409668
0.716666666666667,1415.58020019531,1115.208984375,63.0406646728516,1208.95446777344,1046.85400390625,45.1410217285156,1611.19299316406,1172.134765625,30.1546173095703,1385.72058105469,1217.78051757812,28.6338539123535
0.733333333333333,1358.701171875,1116.75952148438,55.3337821960449,1149.78942871094,1050.99133300781,46.2505683898926,1611.01940917969,1171.0078125,31.8832683563232,1385.71533203125,1218.12866210938,28.718132019043
0.75,1302.732421875,1116.28576660156,38.6718406677246,1092.31188964844,1056.31579589844,49.2509078979492,1610.72888183594,1169.837890625,33.8329696655273,1385.82897949219,1218.30847167969,28.697021484375
0.766666666666667,1247.86291503906,1117.70043945312,31.990161895752,1037.8740234375,1062.51379394531,53.8676452636719,1610.22448730469,1168.70593261719,36.058952331543,1385.94946289062,1218.29724121094,28.6136474609375
0.783333333333333,1197.43627929688,1120.2158203125,29.5514793395996,988.192260742188,1069.19946289062,59.4376831054688,1609.49536132812,1167.74426269531,38.6287307739258,1385.98742675781,1218.1474609375,28.553050994873
0.8,1154.06457519531,1121.23266601562,29.5055408477783,945.142700195312,1075.99926757812,64.9483184814453,1608.61962890625,1167.11743164062,41.567253112793,1385.93408203125,1217.91857910156,28.5625648498535
0.816666666666667,1117.30700683594,1124.09326171875,29.0008373260498,910.321960449219,1082.638671875,69.1036987304688,1607.70825195312,1166.97473144531,44.8808135986328,1385.83190917969,1217.64379882812,28.6230621337891
0.833333333333333,1091.55493164062,1128.68884277344,27.3982753753662,884.496826171875,1088.97241210938,70.5252532958984,1606.83276367188,1167.36962890625,48.6897773742676,1385.72839355469,1217.39208984375,28.6774139404297
0.85,1076.92419433594,1133.96887207031,25.6906700134277,867.209655761719,1094.98388671875,68.282844543457,1605.93505859375,1168.18212890625,53.3258628845215,1385.6474609375,1217.29956054688,28.6668891906738
0.866666666666667,1069.05029296875,1138.80163574219,25.0571880340576,856.777282714844,1100.73217773438,62.4886894226074,1604.73474121094,1169.16101074219,59.2299041748047,1385.55712890625,1217.46301269531,28.5418739318848
0.883333333333333,1065.25170898438,1145.65344238281,23.1946926116943,850.741516113281,1106.17297363281,54.3747940063477,1602.72473144531,1170.05578613281,66.7910079956055,1385.34826660156,1217.818359375,28.2803916931152
0.9,1063.77770996094,1148.98474121094,21.9923114776611,846.693969726562,1110.97277832031,45.7823753356934,1599.23510742188,1170.68444824219,76.3542327880859,1384.86779785156,1218.15161132812,27.9244232177734
0.916666666666667,1060.96997070312,1147.35876464844,24.4383811950684,843.139465332031,1114.63525390625,38.4142074584961,1593.4921875,1170.95397949219,88.2637100219727,1383.98156738281,1218.20849609375,27.5681457519531
0.933333333333333,1057.55871582031,1146.4833984375,25.7379970550537,839.73681640625,1116.94018554688,33.1825637817383,1584.716796875,1170.89636230469,102.745941162109,1382.61352539062,1217.81555175781,27.3124198913574
0.95,1057.35510253906,1146.30834960938,25.6827526092529,836.737915039062,1118.1162109375,30.0391712188721,1572.294921875,1170.69299316406,119.71891784668,1380.685546875,1216.97412109375,27.2964553833008
0.966666666666667,1056.37866210938,1145.44885253906,26.6882724761963,834.388061523438,1118.5625,28.3825721740723,1555.93627929688,1170.61401367188,138.706665039062,1377.91369628906,1215.91796875,27.799373626709
0.983333333333333,1055.75390625,1143.80358886719,27.1042137145996,832.798034667969,1118.62023925781,27.5735836029053,1535.72729492188,1170.83911132812,158.911560058594,1373.64782714844,1215.12121582031,29.2360000610352
1,1055.68859863281,1143.83178710938,27.2485809326172,831.961120605469,1118.54260253906,27.1684131622314,1512.03381347656,1171.29858398438,179.328399658203,1366.97192382812,1215.24035644531,31.9643135070801
1.01666666666667,1055.60632324219,1144.10131835938,27.1560611724854,831.726989746094,1118.46313476562,26.9314136505127,1485.36486816406,1171.72290039062,198.78532409668,1356.86511230469,1217.01147460938,36.1084938049316
1.03333333333333,1055.74548339844,1144.19079589844,27.3266716003418,831.856140136719,1118.39477539062,26.7768516540527,1456.34313964844,1171.83935546875,215.980270385742,1342.20080566406,1221.03698730469,41.5816268920898
1.05,1055.46569824219,1144.26208496094,27.4793682098389,832.117065429688,1118.29406738281,26.688346862793,1425.67126464844,1171.54077148438,229.650085449219,1321.84802246094,1227.39978027344,48.1213836669922
1.06666666666667,1055.63513183594,1143.98095703125,27.7017707824707,832.343505859375,1118.1298828125,26.6586074829102,1393.95910644531,1170.99938964844,238.858123779297,1295.06787109375,1235.42138671875,55.1776351928711
1.08333333333333,1055.80126953125,1143.80004882812,27.861213684082,832.454772949219,1117.91687011719,26.6707458496094,1361.55993652344,1170.69128417969,243.199737548828,1261.86889648438,1243.96862792969,61.9219665527344
1.1,1055.52355957031,1143.87280273438,28.065975189209,832.447387695312,1117.70764160156,26.6992111206055,1328.57421875,1171.19982910156,242.73420715332,1222.95617675781,1252.03234863281,67.5247116088867
1.11666666666667,1054.93078613281,1145.67700195312,28.8601818084717,832.365600585938,1117.55786132812,26.7201766967773,1294.90222167969,1172.92431640625,237.779541015625,1179.38403320312,1258.99194335938,71.4036254882812
1.13333333333333,1055.41162109375,1143.57080078125,29.7334232330322,832.25634765625,1117.4990234375,26.7270088195801,1260.22180175781,1175.95043945312,228.841827392578,1132.25415039062,1264.55798339844,73.2836761474609
1.15,1055.41162109375,1143.57080078125,29.7334232330322,832.134216308594,1117.53637695312,26.7300853729248,1224.03527832031,1180.08032226562,216.555358886719,1082.58203125,1268.765625,73.1607208251953
1.16666666666667,1055.18981933594,1144.48181152344,29.6416282653809,831.987365722656,1117.65441894531,26.7404975891113,1185.85083007812,1184.93200683594,201.489395141602,1031.22399902344,1272.00280761719,71.2257080078125
1.18333333333333,1055.64685058594,1145.35754394531,29.8164825439453,831.814514160156,1117.81176757812,26.7617244720459,1145.31127929688,1190.07507324219,184.095489501953,978.72314453125,1274.83325195312,67.8452529907227
1.2,1056.17504882812,1145.98278808594,30.0651912689209,831.648376464844,1117.94653320312,26.7937297821045,1102.22692871094,1195.12841796875,164.861312866211,925.193908691406,1277.6904296875,63.6066284179688
1.21666666666667,1056.1748046875,1146.25231933594,30.1621150970459,831.541076660156,1118.00744628906,26.8306617736816,1056.580078125,1199.84375,144.353088378906,870.524108886719,1280.6884765625,59.2259864807129
1.23333333333333,1055.36669921875,1145.81494140625,30.5950584411621,831.529418945312,1117.98388671875,26.8508358001709,1008.47448730469,1204.19848632812,123.159286499023,814.712951660156,1283.64025878906,55.3198776245117
1.25,1055.19494628906,1146.06469726562,30.874361038208,831.621643066406,1117.90405273438,26.8162441253662,958.070495605469,1208.35925292969,101.990005493164,757.957946777344,1286.18713378906,52.2961120605469
1.26666666666667,1055.20361328125,1146.07824707031,31.4882259368896,831.801940917969,1117.8125,26.6928424835205,905.6083984375,1212.46960449219,81.7833023071289,700.579284667969,1287.91638183594,50.4347076416016
1.28333333333333,1054.98181152344,1146.43481445312,32.0717506408691,832.030578613281,1117.74279785156,26.4809646606445,851.506652832031,1216.45922851562,63.5733032226562,643.001403808594,1288.47546386719,50.0026702880859
1.3,1055.24291992188,1147.66479492188,33.1012954711914,832.259826660156,1117.70324707031,26.2150821685791,796.442260742188,1220.05700683594,48.2592353820801,585.803466796875,1287.69702148438,51.2522621154785
1.31666666666667,1055.42517089844,1148.10546875,34.031177520752,832.453369140625,1117.67810058594,25.9337482452393,741.432739257812,1222.96850585938,36.4590606689453,529.815246582031,1285.66223144531,54.2717666625977
1.33333333333333,1055.35852050781,1148.79040527344,35.2715530395508,832.572937011719,1117.63903808594,25.6721000671387,687.925048828125,1225.06115722656,28.391242980957,476.207855224609,1282.67639160156,58.8230171203613
1.35,1054.98034667969,1150.70568847656,38.3798980712891,832.568603515625,1117.55480957031,25.4714622497559,637.758361816406,1226.35009765625,23.7336330413818,426.493896484375,1279.19299316406,64.3086013793945
1.36666666666667,1054.17053222656,1153.25402832031,39.9351654052734,832.412475585938,1117.39978027344,25.3626976013184,592.955932617188,1226.73181152344,21.5972900390625,382.388946533203,1275.70715332031,69.8095855712891
1.38333333333333,1054.14416503906,1154.47045898438,42.4985046386719,832.143249511719,1117.18469238281,25.3358097076416,555.409484863281,1225.85583496094,20.7660446166992,345.542419433594,1272.60961914062,74.0923538208008
1.4,1052.84045410156,1156.09497070312,46.1886520385742,831.860168457031,1117.00817871094,25.3371467590332,526.455993652344,1223.443359375,20.1452465057373,317.098907470703,1270.00659179688,75.7240982055664
1.41666666666667,1050.70886230469,1155.62377929688,49.0202407836914,831.649291992188,1117.03210449219,25.3086013793945,506.386077880859,1219.71533203125,19.1803722381592,297.12548828125,1267.63952636719,73.5265960693359
1.43333333333333,1050.40551757812,1155.64819335938,55.3148765563965,831.4990234375,1117.30358886719,25.2567520141602,494.170074462891,1215.47680664062,17.9850406646729,284.307861328125,1265.08203125,67.2574081420898
1.45,1048.87866210938,1153.41137695312,60.9707450866699,831.299987792969,1117.64318847656,25.2795906066895,487.698028564453,1211.78466796875,17.0756282806396,276.335327148438,1262.11206054688,58.0340538024902
1.46666666666667,1047.16845703125,1152.36755371094,68.9593353271484,830.929748535156,1117.80529785156,25.4920482635498,484.541229248047,1209.4208984375,16.8860759735107,270.887878417969,1258.93420410156,48.0470085144043
1.48333333333333,1042.20727539062,1151.49401855469,79.2246475219727,830.312744140625,1117.6787109375,25.935230255127,482.87548828125,1208.53076171875,17.4083843231201,266.633575439453,1256.07763671875,39.5530967712402
1.5,1036.91381835938,1150.97998046875,92.3141479492188,829.415100097656,1117.33044433594,26.5509834289551,481.873046875,1208.69799804688,18.2455520629883,263.35595703125,1254.03881835938,33.8032684326172
1.51666666666667,1027.63110351562,1150.57629394531,109.555061340332,828.215148925781,1116.97448730469,27.2184829711914,481.306091308594,1209.35876464844,18.9930267333984,261.147735595703,1252.99047851562,30.7206192016602
1.53333333333333,1015.56695556641,1148.65979003906,128.293304443359,826.629821777344,1116.8603515625,27.8810901641846,481.039001464844,1210.12658691406,19.4922962188721,259.816741943359,1252.77575683594,29.4317054748535
1.55,998.591674804688,1152.02111816406,149.621215820312,824.362060546875,1117.11328125,28.7267742156982,480.931396484375,1210.79956054688,19.7648391723633,259.024047851562,1253.03479003906,29.0172271728516
1.56666666666667,976.414306640625,1153.32495117188,170.655914306641,820.723693847656,1117.70007324219,30.2439308166504,480.896392822266,1211.26391601562,19.8778324127197,258.521392822266,1253.37060546875,28.8883819580078
1.58333333333333,951.446899414062,1152.81750488281,190.95654296875,814.595397949219,1118.4365234375,33.0240783691406,480.880187988281,1211.47924804688,19.9003753662109,258.158508300781,1253.53662109375,28.7772254943848
1.6,924.290405273438,1151.01696777344,208.221572875977,804.590270996094,1118.88488769531,37.4285125732422,480.846801757812,1211.49133300781,19.8945865631104,257.851898193359,1253.49597167969,28.6239776611328
1.61666666666667,895.096435546875,1148.83410644531,225.454635620117,789.254638671875,1118.38549804688,43.3840675354004,480.795074462891,1211.40368652344,19.9078330993652,257.580657958984,1253.33837890625,28.4707870483398
1.63333333333333,861.426391601562,1149.7314453125,241.263381958008,767.292419433594,1116.41015625,50.3981094360352,480.755828857422,1211.32861328125,19.9729957580566,257.358032226562,1253.1640625,28.3674201965332
1.65,830.264831542969,1152.34790039062,248.286117553711,738.017211914062,1112.93493652344,57.690673828125,480.773620605469,1211.36022949219,20.1071834564209,257.190460205078,1253.01599121094,28.3345947265625
1.66666666666667,799.738525390625,1156.09533691406,250.860122680664,701.813110351562,1108.48901367188,64.3628005981445,480.875915527344,1211.54028320312,20.3058738708496,257.059600830078,1252.88208007812,28.3836708068848
1.68333333333333,766.866516113281,1159.9208984375,247.779907226562,660.039184570312,1103.87585449219,69.5776519775391,481.027038574219,1211.79724121094,20.5396385192871,256.934783935547,1252.74096679688,28.5159568786621
1.7,732.818969726562,1162.11682128906,242.019302368164,614.343078613281,1099.796875,72.7488632202148,481.103607177734,1211.94140625,20.7791900634766,256.806518554688,1252.62109375,28.6684761047363
1.71666666666667,695.687805175781,1163.79223632812,232.537063598633,565.990051269531,1096.61096191406,73.6636657714844,480.965148925781,1211.78601074219,21.0655632019043,256.692016601562,1252.59765625,28.7186584472656
1.73333333333333,658.888061523438,1163.92626953125,219.855697631836,515.689575195312,1094.28308105469,72.4521484375,480.654663085938,1211.34045410156,21.54172706604,256.593841552734,1252.68798828125,28.6072845458984
1.75,618.257568359375,1162.78759765625,203.891082763672,463.797637939453,1092.48449707031,69.4818267822266,480.429962158203,1210.86413574219,22.3617343902588,256.496856689453,1252.81701660156,28.3930397033691
1.76666666666667,575.707214355469,1162.71069335938,186.811218261719,410.493286132812,1090.83178710938,65.2859878540039,480.388793945312,1210.64147949219,23.5527362823486,256.414489746094,1252.923828125,28.1606712341309
1.78333333333333,529.874145507812,1161.599609375,166.394134521484,355.863128662109,1089.15307617188,60.4891395568848,480.297668457031,1210.72912597656,24.9845867156982,256.377014160156,1253.02355957031,27.9627990722656
1.8,482.993774414062,1161.40637207031,144.826583862305,300.011383056641,1087.55090332031,55.7034339904785,479.989044189453,1210.96044921875,26.467248916626,256.373992919922,1253.16833496094,27.8370819091797
1.81666666666667,436.584197998047,1160.61315917969,124.611213684082,243.09846496582,1086.28259277344,51.4500885009766,479.599395751953,1211.09936523438,27.8606033325195,256.346557617188,1253.39697265625,27.8027572631836
1.83333333333333,382.7490234375,1160.00830078125,103.655548095703,185.311492919922,1085.685546875,48.1276893615723,479.325347900391,1210.96081542969,29.1571521759033,256.238525390625,1253.70068359375,27.8435897827148
1.85,329.087768554688,1157.9365234375,83.0192337036133,126.900634765625,1086.12316894531,46.0070381164551,479.201416015625,1210.46716308594,30.4986801147461,256.061645507812,1254.01818847656,27.9204597473145
1.86666666666667,273.238311767578,1159.53381347656,64.8523025512695,68.2561340332031,1087.87316894531,45.2533073425293,479.122131347656,1209.64196777344,32.0580787658691,255.889785766602,1254.26525878906,28.0053787231445
1.88333333333333,218.06721496582,1157.94287109375,49.7774543762207,10.0082588195801,1091.05236816406,45.9480667114258,478.948822021484,1208.56420898438,33.9157676696777,255.772384643555,1254.3779296875,28.0928535461426
1.9,162.335861206055,1159.65661621094,37.49853515625,-46.8218307495117,1095.57849121094,48.0337257385254,478.593017578125,1207.33813476562,36.058162689209,255.695281982422,1254.34814453125,28.1769142150879
1.91666666666667,109.503707885742,1157.70104980469,30.8720436096191,-100.727935791016,1101.14685058594,51.2364311218262,478.046752929688,1206.1162109375,38.4302825927734,255.632141113281,1254.22180175781,28.2407073974609
1.93333333333333,61.1917343139648,1159.26647949219,27.9853858947754,-149.845840454102,1107.30786132812,55.0936393737793,477.379425048828,1205.09655761719,41.0215797424316,255.590270996094,1254.06384277344,28.2699546813965
1.95,17.9112720489502,1159.43408203125,28.0866088867188,-192.293426513672,1113.58422851562,58.9650573730469,476.717681884766,1204.43310546875,43.9447822570801,255.595672607422,1253.94982910156,28.2566261291504
1.96666666666667,-18.8655052185059,1159.3603515625,26.9164905548096,-226.575897216797,1119.50268554688,61.894115447998,476.149322509766,1204.21325683594,47.3657760620117,255.650726318359,1253.96032714844,28.197582244873
1.98333333333333,-44.6918106079102,1165.41003417969,24.0968208312988,-252.029281616211,1124.63586425781,62.6342124938965,475.598083496094,1204.50012207031,51.4113159179688,255.711349487305,1254.13122558594,28.104175567627
2,-60.2228889465332,1169.64086914062,22.3659782409668,-269.227844238281,1128.73950195312,60.1995048522949,474.803955078125,1205.2490234375,56.2843780517578,255.691070556641,1254.42663574219,28.0029296875
2.01666666666667,-67.6837387084961,1175.93310546875,20.7188262939453,-279.972961425781,1131.84765625,54.6325073242188,473.3740234375,1206.21899414062,62.4186668395996,255.485168457031,1254.76281738281,27.9162940979004
2.03333333333333,-71.0275650024414,1178.55834960938,20.3399410247803,-286.614837646484,1134.20043945312,47.2577857971191,470.799926757812,1207.07653808594,70.3984985351562,255.004043579102,1255.0205078125,27.8473510742188
2.05,-72.833251953125,1178.31604003906,22.7643623352051,-291.088928222656,1136.07897949219,40.0581283569336,466.466369628906,1207.59436035156,80.7131881713867,254.191558837891,1255.04504394531,27.7806816101074
2.06666666666667,-76.9319839477539,1177.39819335938,25.5048217773438,-294.395690917969,1137.6640625,34.5604705810547,459.712585449219,1207.74853515625,93.5806274414062,253.025939941406,1254.71484375,27.692798614502
2.08333333333333,-76.9117050170898,1177.69323730469,25.4234447479248,-296.834716796875,1138.982421875,31.1602153778076,449.922515869141,1207.69396972656,108.918098449707,251.480026245117,1254.05627441406,27.608959197998
2.1,-76.9679946899414,1176.49279785156,26.7743301391602,-298.512359619141,1139.98034667969,29.3835678100586,436.624664306641,1207.70239257812,126.388862609863,249.377624511719,1253.27490234375,27.7098045349121
2.11666666666667,-78.2256088256836,1174.55249023438,25.7911930084229,-299.563018798828,1140.64318847656,28.5529975891113,419.621520996094,1208.048828125,145.448837280273,246.244522094727,1252.67895507812,28.3685035705566
2.13333333333333,-78.0133285522461,1174.46337890625,25.8718967437744,-300.149993896484,1141.01000976562,28.170597076416,399.048156738281,1208.82482910156,165.360275268555,241.364410400391,1252.64038085938,30.0339641571045
2.15,-77.8016891479492,1174.6923828125,25.9545841217041,-300.444702148438,1141.12463378906,27.9589805603027,375.271209716797,1209.82165527344,185.180572509766,233.930068969727,1253.64599609375,33.0270957946777
2.16666666666667,-78.1199035644531,1174.91394042969,25.907506942749,-300.578063964844,1141.04382324219,27.7905654907227,348.768981933594,1210.630859375,203.758224487305,222.990570068359,1256.24963378906,37.4176254272461
2.18333333333333,-78.0133285522461,1174.46337890625,25.8718967437744,-300.623992919922,1140.85595703125,27.6332340240479,320.100189208984,1210.9033203125,219.823944091797,207.325393676758,1260.76293945312,43.0490646362305
2.2,-77.6690139770508,1174.38903808594,27.9195003509521,-300.622436523438,1140.64904785156,27.5067043304443,289.844451904297,1210.57800292969,232.246353149414,185.707061767578,1266.92797851562,49.5283241271973
2.21666666666667,-77.7709045410156,1174.45043945312,28.2937126159668,-300.573120117188,1140.46765136719,27.426700592041,258.447448730469,1209.97180175781,240.311676025391,157.526672363281,1273.98510742188,56.1515846252441
2.23333333333333,-77.9593887329102,1176.56689453125,27.3791465759277,-300.451080322266,1140.30053710938,27.3771095275879,226.104629516602,1209.65600585938,243.801712036133,123.11198425293,1281.07287597656,62.0304679870605
2.25,-78.1423645019531,1176.53344726562,27.5795803070068,-300.259399414062,1140.09716796875,27.3320446014404,192.792846679688,1210.1162109375,242.82014465332,83.3820495605469,1287.49682617188,66.4081802368164
2.26666666666667,-78.2547225952148,1176.65356445312,27.3438720703125,-300.048980712891,1139.8017578125,27.2825202941895,158.35823059082,1211.49621582031,237.545379638672,39.2968597412109,1292.77331542969,68.8961486816406
2.28333333333333,-78.0764389038086,1176.9541015625,27.1438274383545,-299.902984619141,1139.4052734375,27.2378921508789,122.563690185547,1213.65112304688,228.159606933594,-8.36434745788574,1296.68591308594,69.514533996582
2.3,-78.4627380371094,1177.171875,27.9154777526855,-299.896911621094,1138.96203613281,27.2154121398926,85.1186676025391,1216.326171875,215.016616821289,-58.8978080749512,1299.34008789062,68.5628128051758
2.31666666666667,-78.2007141113281,1176.97705078125,28.5551719665527,-300.047943115234,1138.55017089844,27.2275562286377,45.7080154418945,1219.26293945312,198.804794311523,-111.550132751465,1301.10168457031,66.4206085205078
2.33333333333333,-77.6077728271484,1177.17895507812,29.5506763458252,-300.301025390625,1138.228515625,27.2698192596436,4.0549783706665,1222.22985839844,180.37727355957,-165.5888671875,1302.4599609375,63.4304008483887
2.35,-77.8020401000977,1176.76110839844,30.0647048950195,-300.554718017578,1138.01635742188,27.3144035339355,-40.0022811889648,1225.01293945312,160.420684814453,-220.507247924805,1303.81372070312,59.9508438110352
2.36666666666667,-78.3126525878906,1177.4228515625,30.2551517486572,-300.682922363281,1137.89978027344,27.297607421875,-86.5072250366211,1227.44665527344,139.461441040039,-276.101715087891,1305.22888183594,56.4313850402832
2.38333333333333,-78.7609939575195,1176.93823242188,30.8473949432373,-300.573669433594,1137.86474609375,27.1193580627441,-135.403732299805,1229.50341796875,118.118896484375,-332.329437255859,1306.408203125,53.3219261169434
2.4,-78.585823059082,1177.99853515625,32.650463104248,-300.245819091797,1137.90954589844,26.7259273529053,-186.531188964844,1231.30029296875,97.1942977905273,-389.136901855469,1306.91857910156,50.9816246032715
2.41666666666667,-78.7615509033203,1178.19982910156,33.3986053466797,-299.900787353516,1138.01745605469,26.2177829742432,-239.639465332031,1232.96020507812,77.5851898193359,-446.379974365234,1306.45886230469,49.737964630127
2.43333333333333,-79.6973571777344,1179.20690917969,34.008731842041,-299.759521484375,1138.14294433594,25.7985935211182,-294.361480712891,1234.46459960938,60.1836204528809,-503.780914306641,1304.98571777344,49.9339332580566
2.45,-80.0443344116211,1180.97692871094,34.5877952575684,-299.886993408203,1138.2392578125,25.6069164276123,-350.065338134766,1235.64331054688,45.8007621765137,-560.858215332031,1302.677734375,51.8695335388184
2.46666666666667,-80.3296813964844,1182.80834960938,35.8799209594727,-300.203826904297,1138.27075195312,25.6555671691895,-405.661102294922,1236.3037109375,35.0598678588867,-616.7978515625,1299.82348632812,55.6582908630371
2.48333333333333,-81.073600769043,1185.6240234375,38.7685623168945,-300.575592041016,1138.21948242188,25.8774871826172,-459.507720947266,1236.35461425781,28.177490234375,-670.324523925781,1296.67456054688,61.0399398803711
2.5,-81.5439987182617,1187.21032714844,40.2685661315918,-300.868377685547,1138.12182617188,26.153190612793,-509.521636962891,1235.80700683594,24.7248439788818,-719.7216796875,1293.32666015625,67.2861328125
2.51666666666667,-82.1670761108398,1188.36755371094,40.668342590332,-301.006927490234,1138.04748535156,26.3600425720215,-553.488586425781,1234.68688964844,23.6208591461182,-763.067687988281,1289.74890136719,73.25048828125
2.53333333333333,-82.9265670776367,1188.27844238281,43.2209014892578,-301.021850585938,1138.0078125,26.4609394073486,-589.490356445312,1232.98681640625,23.4813098907471,-798.642333984375,1285.92639160156,77.5085144042969
2.55,-82.1079025268555,1188.55444335938,47.2892761230469,-301.019927978516,1137.93530273438,26.5214500427246,-616.394958496094,1230.7275390625,23.182975769043,-825.475036621094,1281.9189453125,78.6561965942383
2.56666666666667,-82.7153549194336,1186.48742675781,50.165153503418,-301.105621337891,1137.75341796875,26.6336536407471,-634.29736328125,1228.05517578125,22.306095123291,-843.848449707031,1277.80078125,75.8357467651367
2.58333333333333,-83.7015533447266,1184.50842285156,55.8190498352051,-301.33203125,1137.44177246094,26.8368072509766,-644.613830566406,1225.27172851562,21.1399364471436,-855.345458984375,1273.6298828125,69.2522888183594
2.6,-84.6574172973633,1183.08752441406,62.0457229614258,-301.709167480469,1137.04614257812,27.1009311676025,-649.668212890625,1222.81115722656,20.3061847686768,-862.315185546875,1269.50610351562,60.2833213806152
2.61666666666667,-87.7665100097656,1181.45422363281,70.3758697509766,-302.235137939453,1136.65124511719,27.3601570129395,-651.895812988281,1221.12719726562,20.2805976867676,-867.004943847656,1265.66345214844,51.0024070739746
2.63333333333333,-91.1426391601562,1179.40600585938,81.4741821289062,-302.92236328125,1136.33666992188,27.5447940826416,-653.011413574219,1220.45385742188,21.0312881469727,-870.741394042969,1262.44543457031,43.2915649414062
2.65,-97.9108276367188,1179.6123046875,95.0009155273438,-303.831024169922,1136.14135742188,27.604248046875,-653.729187011719,1220.64074707031,22.0710754394531,-873.780456542969,1260.09265136719,38.0768661499023
2.66666666666667,-107.15803527832,1180.01806640625,110.96866607666,-305.08740234375,1136.07690429688,27.5514259338379,-654.192687988281,1221.29284667969,22.9157619476318,-875.974792480469,1258.64599609375,35.2104797363281
2.68333333333333,-119.696655273438,1179.3740234375,129.497207641602,-306.908630371094,1136.17883300781,27.5410442352295,-654.454467773438,1222.06115722656,23.3951892852783,-877.38427734375,1258.02111816406,33.9338073730469
2.7,-137.430709838867,1180.28430175781,149.244583129883,-309.721588134766,1136.51086425781,27.9529361724854,-654.581787109375,1222.75,23.5750312805176,-878.257263183594,1257.96911621094,33.4394302368164
2.71666666666667,-160.428695678711,1177.70520019531,170.062149047852,-314.278503417969,1137.0693359375,29.3832778930664,-654.624450683594,1223.2529296875,23.5880508422852,-878.804260253906,1258.10400390625,33.1849060058594
2.73333333333333,-185.943664550781,1173.51733398438,189.437896728516,-321.583862304688,1137.60815429688,32.4220504760742,-654.617858886719,1223.53198242188,23.5505695343018,-879.151428222656,1258.14624023438,32.9245796203613
2.75,-212.755630493164,1169.07385253906,208.550506591797,-332.713836669922,1137.51184082031,37.3017501831055,-654.583190917969,1223.64392089844,23.5272426605225,-879.38525390625,1258.04931640625,32.617546081543
2.76666666666667,-241.658126831055,1159.11083984375,224.898803710938,-348.729064941406,1135.93103027344,43.7199478149414,-654.525695800781,1223.71350097656,23.5334434509277,-879.573059082031,1257.91101074219,32.3409385681152
2.78333333333333,-273.265197753906,1156.56323242188,239.470016479492,-370.573394775391,1132.24450683594,50.9545593261719,-654.451354980469,1223.85241699219,23.568962097168,-879.754150390625,1257.85205078125,32.1945114135742
2.8,-302.6259765625,1159.05114746094,248.522766113281,-398.748718261719,1126.52551269531,58.1099510192871,-654.390380859375,1224.07995605469,23.6475372314453,-879.920166015625,1257.93786621094,32.182975769043
2.81666666666667,-333.077941894531,1164.86340332031,252.914169311523,-433.000854492188,1119.57641601562,64.3563003540039,-654.3935546875,1224.31286621094,23.7966213226318,-880.031860351562,1258.15515136719,32.2209243774414
2.83333333333333,-366.811309814453,1174.369140625,252.343185424805,-472.404968261719,1112.5283203125,69.1083068847656,-654.481872558594,1224.45080566406,24.041597366333,-880.072387695312,1258.447265625,32.2626113891602
2.85,-402.973907470703,1173.42700195312,244.974395751953,-515.763549804688,1106.36462402344,72.0791854858398,-654.596374511719,1224.48205566406,24.4130744934082,-880.05859375,1258.77124023438,32.3283576965332
2.86666666666667,-437.545074462891,1172.23608398438,236.069427490234,-561.976501464844,1101.650390625,73.1913146972656,-654.630798339844,1224.47778320312,24.9634895324707,-880.015380859375,1259.11401367188,32.4270935058594
2.88333333333333,-473.100067138672,1171.72509765625,226.168533325195,-610.245971679688,1098.51940917969,72.4719848632812,-654.539489746094,1224.47875976562,25.7355632781982,-879.965942382812,1259.4638671875,32.5297355651855
2.9,-511.555603027344,1171.23718261719,210.751037597656,-660.118957519531,1096.79663085938,70.1052932739258,-654.400573730469,1224.44226074219,26.7282009124756,-879.93896484375,1259.78820800781,32.5953979492188
2.91666666666667,-550.922668457031,1169.83898925781,194.608062744141,-711.373474121094,1096.12158203125,66.514289855957,-654.3701171875,1224.30651855469,27.9161071777344,-879.981872558594,1260.05236816406,32.6015586853027
2.93333333333333,-593.017822265625,1169.50219726562,175.490280151367,-763.854858398438,1096.08178710938,62.2547073364258,-654.582763671875,1224.02893066406,29.217658996582,-880.154418945312,1260.25500488281,32.5641250610352
2.95,-637.673278808594,1168.94067382812,155.410568237305,-817.403198242188,1096.39929199219,57.8665809631348,-655.074584960938,1223.56811523438,30.4662017822266,-880.486145019531,1260.43469238281,32.5442276000977
2.96666666666667,-684.801330566406,1169.55810546875,134.336929321289,-871.848876953125,1097.05920410156,53.8499641418457,-655.770935058594,1222.88757324219,31.5540523529053,-880.935668945312,1260.63513183594,32.6172637939453
2.98333333333333,-733.536987304688,1172.04113769531,114.781242370605,-926.986267089844,1098.263671875,50.6602401733398,-656.539306640625,1221.96264648438,32.5428504943848,-881.384521484375,1260.86840820312,32.7986602783203
3,-783.013122558594,1174.53869628906,94.8543167114258,-982.51806640625,1100.27758789062,48.6476821899414,-657.269165039062,1220.78796386719,33.5640754699707,-881.685180664062,1261.12365722656,33.0166397094727
3.01666666666667,-833.165832519531,1176.68835449219,75.8952255249023,-1038.01879882812,1103.29125976562,48.0026702880859,-657.909057617188,1219.40991210938,34.7002220153809,-881.771911621094,1261.40063476562,33.1828308105469
3.03333333333333,-881.588745117188,1176.93127441406,62.8039321899414,-1092.96118164062,1107.33740234375,48.7701110839844,-658.434753417969,1217.92553710938,35.9593620300293,-881.709533691406,1261.70202636719,33.2481994628906
3.05,-939.346923828125,1178.11401367188,47.4064025878906,-1146.74633789062,1112.27514648438,50.8902702331543,-658.813903808594,1216.42565917969,37.3074722290039,-881.597839355469,1261.97473144531,33.2028579711914
3.06666666666667,-990.3857421875,1183.36279296875,37.3629112243652,-1198.62963867188,1117.86474609375,54.1947631835938,-659.024353027344,1214.98559570312,38.7170639038086,-881.49365234375,1262.09387207031,33.0887565612793
3.08333333333333,-1038.82299804688,1185.62475585938,32.8268890380859,-1247.56689453125,1123.89025878906,58.3870620727539,-659.099670410156,1213.72021484375,40.2027778625488,-881.438842773438,1261.96984863281,32.9769172668457
3.1,-1084.3095703125,1187.62524414062,31.3268566131592,-1292.1533203125,1130.21923828125,63.0159912109375,-659.131286621094,1212.77209472656,41.8537864685059,-881.48046875,1261.64782714844,32.900634765625
3.11666666666667,-1123.42932128906,1190.720703125,32.0533409118652,-1330.79736328125,1136.73510742188,67.3790969848633,-659.225341796875,1212.26013183594,43.8295402526855,-881.631896972656,1261.25378417969,32.8463020324707
3.13333333333333,-1156.177734375,1193.45764160156,31.6874847412109,-1362.11791992188,1143.203125,70.4466552734375,-659.468322753906,1212.27661132812,46.3019256591797,-881.84033203125,1260.90258789062,32.7938957214355
3.15,-1179.86364746094,1198.46984863281,30.7094135284424,-1385.45251464844,1149.23791503906,71.0860900878906,-659.908386230469,1212.86181640625,49.4186553955078,-882.022338867188,1260.66979980469,32.7401885986328
3.16666666666667,-1193.65234375,1202.61047363281,29.8475227355957,-1401.24255371094,1154.47875976562,68.6262283325195,-660.56005859375,1213.93041992188,53.3368759155273,-882.143188476562,1260.58312988281,32.6947326660156
3.18333333333333,-1201.4677734375,1206.4296875,27.8758735656738,-1411.01770019531,1158.81188964844,63.3313064575195,-661.490295410156,1215.25036621094,58.2927780151367,-882.249938964844,1260.6298828125,32.6672897338867
3.2,-1203.81140136719,1210.42687988281,26.7483177185059,-1416.9130859375,1162.35571289062,56.419132232666,-662.944641113281,1216.52014160156,64.6269912719727,-882.438110351562,1260.77612304688,32.660026550293
3.21666666666667,-1205.33203125,1211.56823730469,27.5592937469482,-1420.90148925781,1165.25170898438,49.59423828125,-665.374450683594,1217.50964355469,72.7072067260742,-882.811279296875,1260.96923828125,32.6534957885742
3.23333333333333,-1208.73791503906,1210.837890625,29.565896987915,-1424.14855957031,1167.55712890625,44.2174491882324,-669.347839355469,1218.18518066406,82.7905349731445,-883.463256835938,1261.13293457031,32.5815505981445
3.25,-1209.73803710938,1209.74755859375,31.0996017456055,-1426.98376464844,1169.30358886719,40.6870994567871,-675.440673828125,1218.7265625,94.9568481445312,-884.470947265625,1261.18994140625,32.336971282959
3.26666666666667,-1209.73803710938,1209.74755859375,31.0996017456055,-1429.36413574219,1170.51794433594,38.6165962219238,-684.154052734375,1219.4267578125,109.178192138672,-885.890808105469,1261.10876464844,31.862943649292
3.28333333333333,-1210.87280273438,1209.41711425781,32.1792411804199,-1431.21044921875,1171.2041015625,37.4352226257324,-695.852905273438,1220.57751464844,125.38062286377,-887.7724609375,1260.88659667969,31.3112506866455
3.3,-1210.17346191406,1207.78369140625,32.618782043457,-1432.47485351562,1171.43530273438,36.7416343688965,-710.712646484375,1222.37622070312,143.309692382812,-890.257934570312,1260.47155761719,31.1328201293945
3.31666666666667,-1209.71691894531,1208.13220214844,32.6593704223633,-1433.19018554688,1171.38818359375,36.3277168273926,-728.71728515625,1224.81970214844,162.344482421875,-893.781860351562,1259.87622070312,31.9486217498779
3.33333333333333,-1209.634765625,1207.93359375,32.7627410888672,-1433.51257324219,1171.22351074219,36.0892028808594,-749.762390136719,1227.64196777344,181.590072631836,-899.166748046875,1259.50988769531,34.2346115112305
3.35,-1209.77160644531,1207.85363769531,32.9572906494141,-1433.65832519531,1171.02075195312,35.9645881652832,-773.713500976562,1230.38562011719,200.134811401367,-907.470275878906,1260.23193359375,38.0940399169922
3.36666666666667,-1210.10339355469,1208.1103515625,33.137264251709,-1433.78088378906,1170.81896972656,35.9114227294922,-800.270629882812,1232.5830078125,217.076705932617,-919.783508300781,1262.9111328125,43.2955703735352
3.38333333333333,-1210.2001953125,1207.78637695312,33.3504524230957,-1433.92199707031,1170.64562988281,35.8926849365234,-828.847900390625,1233.951171875,231.391494750977,-937.156311035156,1267.96435546875,49.4342498779297
3.4,-1210.64440917969,1207.73779296875,33.586296081543,-1434.06420898438,1170.51086425781,35.8777084350586,-858.706359863281,1234.53698730469,242.056091308594,-960.483154296875,1275.21447753906,56.0058670043945
3.41666666666667,-1211.43640136719,1208.92919921875,33.2242660522461,-1434.18823242188,1170.40905761719,35.8512229919434,-889.22802734375,1234.7568359375,248.4150390625,-990.187683105469,1284.01049804688,62.3830680847168
3.43333333333333,-1210.99890136719,1208.46069335938,33.6908416748047,-1434.28051757812,1170.34118652344,35.8164443969727,-920.168090820312,1235.21630859375,250.32878112793,-1025.95556640625,1293.47216796875,67.8906555175781
3.45,-1210.20300292969,1207.93078613281,34.0969619750977,-1434.32934570312,1170.31115722656,35.7936973571777,-951.798461914062,1236.36828613281,247.954330444336,-1066.83508300781,1302.67456054688,72.0289154052734
3.46666666666667,-1209.552734375,1207.79919433594,33.8025321960449,-1434.32592773438,1170.29248046875,35.8113059997559,-984.736267089844,1238.31188964844,241.487655639648,-1111.61022949219,1310.77124023438,74.5813293457031
3.48333333333333,-1210.23645019531,1208.92309570312,34.224479675293,-1434.26220703125,1170.22021484375,35.8782539367676,-1019.51971435547,1240.88745117188,231.118408203125,-1159.15661621094,1317.22741699219,75.5110244750977
3.5,-1210.13635253906,1208.7216796875,34.2489356994629,-1434.13220214844,1170.04296875,35.9577903747559,-1056.40759277344,1243.91418457031,217.181564331055,-1208.63854980469,1321.97875976562,74.8543319702148
3.51666666666667,-1210.11987304688,1208.88830566406,34.5934066772461,-1433.94946289062,1169.78210449219,35.9813232421875,-1095.52722167969,1247.34350585938,200.299667358398,-1259.56567382812,1325.28881835938,72.7555236816406
3.53333333333333,-1210.2099609375,1209.39855957031,34.7396202087402,-1433.75854492188,1169.51538085938,35.900749206543,-1136.98645019531,1251.15173339844,181.266876220703,-1311.77758789062,1327.53063964844,69.5640029907227
3.55,-1210.12829589844,1209.68627929688,34.8659820556641,-1433.60717773438,1169.30578613281,35.725944519043,-1180.80224609375,1255.07885742188,160.801635742188,-1365.29699707031,1329.06018066406,65.8092269897461
3.56666666666667,-1210.46862792969,1209.03625488281,35.5639953613281,-1433.51159667969,1169.17065429688,35.5127449035645,-1226.91162109375,1258.65795898438,139.505554199219,-1420.06799316406,1330.12365722656,62.0439872741699
3.58333333333333,-1210.19555664062,1209.22180175781,36.0364189147949,-1433.45751953125,1169.1044921875,35.3284072875977,-1275.36206054688,1261.59741210938,118.020332336426,-1475.82421875,1330.81384277344,58.7436599731445
3.6,-1210.30749511719,1210.28210449219,36.2434616088867,-1433.42639160156,1169.08715820312,35.2208671569824,-1326.29541015625,1263.95275878906,97.1704330444336,-1532.17956542969,1331.09020996094,56.338809967041
3.61666666666667,-1210.69348144531,1210.22778320312,36.3167724609375,-1433.41040039062,1169.08410644531,35.1995239257812,-1379.57470703125,1265.90234375,77.9455718994141,-1588.78112792969,1330.81420898438,55.2825775146484
3.63333333333333,-1210.68530273438,1210.36926269531,36.8173065185547,-1433.40515136719,1169.06604003906,35.2445640563965,-1434.54113769531,1267.52478027344,61.3326988220215,-1645.30163574219,1329.8046875,55.9931755065918
3.65,-1211.02648925781,1211.85314941406,36.8974189758301,-1433.400390625,1169.03039550781,35.3242721557617,-1490.12353515625,1268.7626953125,48.1554718017578,-1701.22961425781,1328.0166015625,58.6555671691895
3.66666666666667,-1210.97827148438,1211.84912109375,38.0839309692383,-1433.38208007812,1168.99145507812,35.3979225158691,-1544.974609375,1269.46447753906,38.9195747375488,-1755.67565917969,1325.75122070312,63.1227378845215
3.68333333333333,-1211.14697265625,1212.38439941406,39.1008567810059,-1433.34497070312,1168.94970703125,35.4326820373535,-1597.48193359375,1269.4453125,33.5989570617676,-1807.34777832031,1323.52734375,68.9946746826172
3.7,-1211.37780761719,1212.85656738281,41.2471351623535,-1433.29809570312,1168.8994140625,35.4238929748535,-1645.77868652344,1268.55786132812,31.4919509887695,-1854.62536621094,1321.65087890625,75.6259307861328
3.71666666666667,-1211.7783203125,1213.22570800781,43.0737686157227,-1433.25671386719,1168.8603515625,35.3790473937988,-1687.85827636719,1266.76318359375,31.3343696594238,-1895.681640625,1320.05725097656,82
3.73333333333333,-1212.68127441406,1214.138671875,45.7885246276855,-1433.23889160156,1168.85827636719,35.2980613708496,-1721.86645507812,1264.15246582031,31.7183933258057,-1928.80895996094,1318.57373046875,86.6940155029297
3.75,-1213.25830078125,1215.26525878906,47.5039825439453,-1433.27209472656,1168.86975097656,35.1856498718262,-1746.63732910156,1260.93103027344,31.5980815887451,-1953.00939941406,1317.07543945312,88.1401977539062
3.76666666666667,-1213.37817382812,1215.37084960938,52.0193061828613,-1433.39074707031,1168.82873535156,35.0659790039062,-1762.27954101562,1257.42761230469,30.5561485290527,-1968.46887207031,1315.35375976562,85.2936859130859
3.78333333333333,-1213.91394042969,1214.29406738281,56.5028610229492,-1433.62609863281,1168.69482421875,34.9779891967773,-1770.33984375,1254.0908203125,28.7568817138672,-1976.51892089844,1313.09338378906,78.3119506835938
3.8,-1215.57287597656,1212.68664550781,63.0423965454102,-1433.99279785156,1168.4921875,34.9575614929199,-1773.34606933594,1251.39379882812,26.7847270965576,-1979.27624511719,1310.11108398438,68.4514770507812
3.81666666666667,-1217.89697265625,1212.52526855469,70.3513412475586,-1434.49682617188,1168.2734375,35.0119438171387,-1773.99255371094,1249.67358398438,25.42063331604,-1979.2978515625,1306.59619140625,57.2584342956543
3.83333333333333,-1220.86877441406,1212.1123046875,79.052131652832,-1435.18054199219,1168.08898925781,35.1113319396973,-1774.24694824219,1248.98864746094,25.1888275146484,-1986.16027832031,1301.64904785156,48.7371139526367
3.85,-1226.50170898438,1211.21350097656,91.6254043579102,-1436.15930175781,1167.99609375,35.2097015380859,-1774.83081054688,1249.08142089844,25.9353218078613,-1993.22827148438,1298.27563476562,44.0804328918457
3.86666666666667,-1233.51525878906,1210.60510253906,105.51863861084,-1437.57165527344,1168.05346679688,35.2660675048828,-1775.56677246094,1249.53881835938,27.0224533081055,-1993.33862304688,1298.70373535156,42.6506118774414
3.88333333333333,-1243.62341308594,1209.09875488281,122.733940124512,-1439.49584960938,1168.29113769531,35.2740631103516,-1776.14575195312,1250.03527832031,27.9345607757568,-1993.552734375,1299.05786132812,41.3062057495117
3.9,-1257.76940917969,1209.08898925781,141.342498779297,-1441.978515625,1168.67016601562,35.3556938171387,-1776.47705078125,1250.41528320312,28.5309391021729,-1993.91809082031,1299.27429199219,40.1268119812012
3.91666666666667,-1276.66418457031,1207.73559570312,161.668380737305,-1445.20336914062,1169.04309082031,35.8849754333496,-1776.6171875,1250.63940429688,28.8786163330078,-1994.43017578125,1299.2880859375,39.178035736084
3.93333333333333,-1297.67932128906,1207.52673339844,180.39045715332,-1449.68688964844,1169.20495605469,37.4434089660645,-1776.65478515625,1250.73620605469,29.0856132507324,-1995.07641601562,1299.05895996094,38.4953155517578
3.95,-1323.49914550781,1204.1474609375,198.286361694336,-1456.33923339844,1168.96301269531,40.5148124694824,-1776.66149902344,1250.76977539062,29.2546405792236,-1995.84216308594,1298.63317871094,38.0827941894531
3.96666666666667,-1348.96813964844,1199.34033203125,216.612686157227,-1466.36059570312,1167.97680664062,45.2066459655762,-1776.68115234375,1250.80578613281,29.4630107879639,-1996.68334960938,1298.15417480469,37.9145622253418
3.98333333333333,-1378.56494140625,1197.38732910156,233.375122070312,-1481.09606933594,1165.59118652344,51.2616882324219,-1776.73583984375,1250.88842773438,29.7249488830566,-1997.52172851562,1297.796875,37.9231796264648
4,-1409.81567382812,1196.87109375,247.43879699707,-1501.81958007812,1161.18640136719,58.1904525756836,-1776.826171875,1251.02783203125,29.9783630371094,-1998.26745605469,1297.66625976562,38.0173568725586
4.01666666666667,-1439.19409179688,1200.08312988281,253.840103149414,-1529.328125,1154.78503417969,65.3353271484375,-1776.92529296875,1251.19946289062,30.1349983215332,-1998.84899902344,1297.73486328125,38.1224899291992
4.03333333333333,-1468.85986328125,1202.13598632812,255.71809387207,-1563.53552246094,1147.21325683594,71.9463958740234,-1776.98974609375,1251.36865234375,30.1495380401611,-1999.22900390625,1297.88793945312,38.2002449035645
4.05,-1499.2919921875,1204.3466796875,253.989593505859,-1603.42333984375,1139.74401855469,77.2973022460938,-1776.99841308594,1251.51098632812,30.0714778900146,-1999.40954589844,1298.01147460938,38.2478179931641
4.06666666666667,-1530.27111816406,1205.88098144531,245.321884155273,-1647.41760253906,1133.49694824219,80.7553024291992,-1776.98083496094,1251.60278320312,30.0582466125488,-1999.43090820312,1298.03967285156,38.2788887023926
4.08333333333333,-1565.55004882812,1205.92919921875,236.289016723633,-1693.96911621094,1128.91369628906,81.8648300170898,-1776.99694824219,1251.61120605469,30.2606735229492,-1999.35717773438,1297.96081542969,38.2898216247559
4.1,-1601.84631347656,1203.90344238281,223.992660522461,-1742.08349609375,1125.75146484375,80.5442886352539,-1777.0830078125,1251.4912109375,30.6483745574951,-1999.2578125,1297.80993652344,38.2388496398926
4.11666666666667,-1638.56396484375,1200.39111328125,210.522079467773,-1791.42663574219,1123.47546386719,77.1954498291016,-1777.19616699219,1251.20141601562,31.0410556793213,-1999.18041992188,1297.650390625,38.0586585998535
4.13333333333333,-1679.45458984375,1197.59069824219,191.874099731445,-1841.95922851562,1121.55700683594,72.5354385375977,-1777.22546386719,1250.75305175781,31.3313732147217,-1999.11535644531,1297.56127929688,37.7088890075684
4.15,-1721.06384277344,1197.98742675781,174.359100341797,-1893.62219238281,1119.63000488281,67.3621215820312,-1777.13244628906,1250.24169921875,31.5754661560059,-1998.99401855469,1297.6396484375,37.2317047119141
4.16666666666667,-1765.18200683594,1195.556640625,153.64372253418,-1946.322265625,1117.58190917969,62.4223861694336,-1777.05773925781,1249.81823730469,31.8675384521484,-1998.74633789062,1297.9609375,36.7317390441895
4.18333333333333,-1811.88806152344,1192.51635742188,131.449691772461,-1999.9970703125,1115.58471679688,58.2940063476562,-1777.15612792969,1249.54858398438,32.2351112365723,-1998.36987304688,1298.50354003906,36.2906112670898
4.2,-1860.88464355469,1192.88757324219,110.676879882812,-2054.55249023438,1114.07421875,55.2813339233398,-1777.40380859375,1249.296875,32.6698722839355,-1997.92419433594,1299.16137695312,35.9113960266113
4.21666666666667,-1909.67175292969,1192.86901855469,92.2767944335938,-2109.70068359375,1113.52062988281,53.4653167724609,-1777.6845703125,1248.84436035156,33.1755752563477,-1999.49499511719,1301.87036132812,38.0162925720215
4.23333333333333,-1960.22204589844,1189.51354980469,76.7619400024414,-2164.90478515625,1114.14172363281,52.8589401245117,-1777.94287109375,1248.07897949219,33.767749786377,-2001.00622558594,1303.46203613281,39.8837738037109
4.25,-2015.703125,1188.17431640625,63.6592750549316,-2219.45581054688,1116.03015136719,53.4227294921875,-1778.19604492188,1247.02075195312,34.4763259887695,-2000.40734863281,1301.34240722656,38.9540100097656
4.26666666666667,-2063.52783203125,1182.35729980469,51.5133323669434,-2272.51220703125,1119.44104003906,54.9895935058594,-1778.48840332031,1245.74047851562,35.367504119873,-1999.88916015625,1299.67822265625,38.2820358276367
4.28333333333333,-2113.14965820312,1180.99938964844,44.2071876525879,-2323.03198242188,1124.58923339844,57.3247604370117,-1778.84582519531,1244.32580566406,36.5604820251465,-1999.55407714844,1298.68188476562,37.9510955810547
4.3,-2158.87036132812,1182.75317382812,38.7026100158691,-2369.66235351562,1131.20300292969,60.1765480041504,-1779.25866699219,1242.90747070312,38.2071151733398,-1999.43896484375,1298.26281738281,37.8827590942383
4.31666666666667,-2198.99658203125,1182.56237792969,37.6007804870605,-2410.77661132812,1138.46984863281,63.1123695373535,-1779.70642089844,1241.66711425781,40.4012489318848,-1999.49487304688,1298.17175292969,37.9624633789062
4.33333333333333,-2233.05053710938,1184.13891601562,37.3864212036133,-2444.79296875,1145.40100097656,65.3419418334961,-1780.17687988281,1240.80041503906,43.1205825805664,-1999.646484375,1298.17590332031,38.1096458435059
4.35,-2259.2021484375,1189.53088378906,34.5743751525879,-2470.7041015625,1151.21948242188,65.8357315063477,-1780.66760253906,1240.45812988281,46.3686370849609,-1999.814453125,1298.13842773438,38.2579612731934
4.36666666666667,-2277.28393554688,1193.607421875,33.186164855957,-2488.55444335938,1155.60388183594,63.8081169128418,-1781.23571777344,1240.69140625,50.3644828796387,-1999.92163085938,1298.03649902344,38.302848815918
4.38333333333333,-2286.01000976562,1198.08813476562,32.2741355895996,-2499.58959960938,1158.77624511719,59.3102607727051,-1782.07531738281,1241.40710449219,55.5095596313477,-1999.94213867188,1297.93188476562,38.1029777526855
4.4,-2288.5517578125,1200.86572265625,31.3998126983643,-2505.92016601562,1161.24572753906,53.4106559753418,-1783.52954101562,1242.34460449219,62.252872467041,-1999.95947265625,1297.88891601562,37.5821800231934
4.41666666666667,-2289.73217773438,1200.71069335938,32.3670654296875,-2509.70556640625,1163.35961914062,47.667064666748,-1786.06555175781,1243.13232421875,71.0422897338867,-2000.15979003906,1297.90258789062,36.8366012573242
4.43333333333333,-2293.1513671875,1199.98449707031,34.6406173706055,-2512.33032226562,1165.13928222656,43.2470397949219,-1790.27917480469,1243.41748046875,82.2691802978516,-2000.75219726562,1297.88293457031,36.0912132263184
4.45,-2293.54565429688,1199.74975585938,34.746654510498,-2514.27099609375,1166.43786621094,40.4515113830566,-1796.84460449219,1243.01171875,96.1362075805664,-2001.8681640625,1297.69812011719,35.5450286865234
4.46666666666667,-2294.65771484375,1198.76599121094,35.394645690918,-2515.59521484375,1167.18200683594,38.9569091796875,-1806.3466796875,1241.98449707031,112.516250610352,-2003.54028320312,1297.24133300781,35.3251800537109
4.48333333333333,-2295.52514648438,1197.95971679688,35.8129539489746,-2516.36938476562,1167.48229980469,38.2960891723633,-1819.13439941406,1240.61181640625,130.891876220703,-2005.87622070312,1296.45764160156,35.6042556762695
4.5,-2295.146484375,1197.00390625,35.9989891052246,-2516.7314453125,1167.521484375,38.090950012207,-1835.31079101562,1239.17761230469,150.418212890625,-2009.29357910156,1295.42224121094,36.6791458129883
4.51666666666667,-2293.82470703125,1193.98547363281,35.4961318969727,-2516.84252929688,1167.42395019531,38.0764656066895,-1854.78332519531,1237.76586914062,170.074005126953,-2014.53674316406,1294.56091308594,38.8527870178223
4.53333333333333,-2295.1494140625,1195.63781738281,37.8776245117188,-2516.83129882812,1167.25830078125,38.091724395752,-1877.28137207031,1236.23913574219,188.814727783203,-2022.50280761719,1294.65234375,42.2345085144043
4.55,-2295.53076171875,1195.54431152344,37.2150802612305,-2516.76171875,1167.07775878906,38.0664710998535,-1902.33959960938,1234.46606445312,205.631469726562,-2034.13903808594,1296.33776855469,46.6949234008789
4.56666666666667,-2295.46313476562,1195.41125488281,37.302619934082,-2516.64575195312,1166.91333007812,38.0002708435059,-1929.36828613281,1232.54919433594,219.592376708984,-2050.4716796875,1299.62097167969,51.9803161621094
4.58333333333333,-2295.13110351562,1196.47058105469,37.2365264892578,-2516.47314453125,1166.73828125,37.9457054138184,-1957.8212890625,1230.82080078125,230.00227355957,-2072.4150390625,1303.89697265625,57.7489891052246
4.6,-2294.63403320312,1196.64697265625,36.8927383422852,-2516.25659179688,1166.45288085938,37.9768943786621,-1987.29528808594,1229.67993164062,236.506820678711,-2100.20190429688,1308.40075683594,63.5367279052734
4.61666666666667,-2294.642578125,1196.404296875,36.919864654541,-2516.04638671875,1165.88269042969,38.1542930603027,-2017.55065917969,1229.42236328125,238.983520507812,-2132.8916015625,1312.65747070312,68.9493942260742
4.63333333333333,-2294.68701171875,1197.29333496094,36.6557655334473,-2515.88793945312,1164.85986328125,38.5018272399902,-2048.53857421875,1230.1767578125,237.414215087891,-2168.37841796875,1316.640625,73.9822082519531
4.65,-2295.53686523438,1197.4267578125,37.0123252868652,-2515.79541015625,1163.45361328125,38.9512634277344,-2080.3701171875,1231.91674804688,231.871643066406,-2204.9716796875,1322.033203125,76.108757019043
4.66666666666667,-2295.470703125,1197.63793945312,37.3410224914551,-2515.77465820312,1162.14135742188,39.3068237304688,-2113.27294921875,1234.45495605469,222.549987792969,-2245.63842773438,1326.66137695312,75.4555892944336
4.68333333333333,-2295.60229492188,1197.48815917969,37.9573593139648,-2515.83154296875,1161.55493164062,39.374397277832,-2147.6259765625,1237.48645019531,209.839080810547,-2294.54736328125,1327.2021484375,73.0481491088867
4.7,-2295.26342773438,1198.08972167969,38.1019515991211,-2515.9541015625,1161.93969726562,39.1423797607422,-2183.93798828125,1240.673828125,194.377304077148,-2350.82055664062,1323.38208007812,69.9028091430664
4.71666666666667,-2295.26342773438,1198.08972167969,38.1019515991211,-2516.09790039062,1162.91662597656,38.7731399536133,-2222.642578125,1243.69885253906,177.000183105469,-2399.49072265625,1323.88488769531,66.7892227172852
4.73333333333333,-2294.89916992188,1197.74475097656,38.2346572875977,-2516.20043945312,1163.77893066406,38.4553298950195,-2263.84790039062,1246.35131835938,158.601608276367,-2444.92846679688,1327.47961425781,63.6261405944824
4.75,-2294.35034179688,1198.50085449219,39.0296287536621,-2516.2138671875,1163.95874023438,38.301586151123,-2307.17016601562,1248.62768554688,139.871826171875,-2494.29345703125,1329.90356445312,60.7323112487793
4.76666666666667,-2294.53002929688,1199.26232910156,37.8841514587402,-2516.12377929688,1163.25561523438,38.3433036804199,-2351.71264648438,1250.69165039062,121.110336303711,-2543.28247070312,1328.58288574219,60.0562210083008
4.78333333333333,-2294.45336914062,1198.71337890625,39.1129570007324,-2515.95532226562,1161.86828613281,38.5569763183594,-2398.14013671875,1253.30615234375,99.9677581787109,-2591.35327148438,1324.564453125,60.9087448120117
4.8,-2294.77001953125,1199.13732910156,38.6760139465332,-2515.77368164062,1160.3525390625,38.8591346740723,-2445.91088867188,1255.89685058594,80.9384002685547,-2639.73046875,1319.748046875,61.788745880127
4.81666666666667,-2294.79663085938,1199.18273925781,38.4686317443848,-2515.66381835938,1159.38647460938,39.1162338256836,-2494.2685546875,1257.888671875,67.816032409668,-2689.63842773438,1316.033203125,61.1950874328613
4.83333333333333,-2295.505859375,1200.09228515625,40.7097625732422,-2515.6953125,1159.40368652344,39.1997184753418,-2543.26879882812,1259.98461914062,55.8376159667969,-2742.02856445312,1314.99438476562,59.1562767028809
4.85,-2295.64477539062,1200.42163085938,41.8651580810547,-2515.89282226562,1160.38256835938,39.025562286377,-2592.62060546875,1262.06359863281,46.1041374206543,-2796.28491210938,1316.62219238281,60.3061485290527
4.86666666666667,-2295.91040039062,1201.05993652344,43.660270690918,-2516.2177734375,1161.84692382812,38.6120948791504,-2641.15844726562,1263.80822753906,39.3724174499512,-2849.62426757812,1319.45251464844,64.7551422119141
4.88333333333333,-2296.40283203125,1200.94604492188,44.1792335510254,-2516.55029296875,1162.986328125,38.1735153198242,-2687.18774414062,1264.83959960938,35.7571449279785,-2898.79028320312,1321.73901367188,71.1004486083984
4.9,-2296.12475585938,1201.49780273438,45.1936531066895,-2516.7470703125,1163.09741210938,38.0027084350586,-2729.021484375,1264.81994628906,34.5757446289062,-2940.52612304688,1321.73522949219,77.9392471313477
4.91666666666667,-2296.18627929688,1202.88256835938,45.810977935791,-2516.76318359375,1162.19177246094,38.1510543823242,-2765.28930664062,1263.53540039062,34.6303672790527,-2973.8740234375,1318.90649414062,84.0345230102539
4.93333333333333,-2296.30102539062,1203.35034179688,46.4641456604004,-2516.67651367188,1160.96728515625,38.4051971435547,-2795.22241210938,1261.05102539062,34.8191528320312,-3005.921875,1316.35375976562,89.437126159668
4.95,-2297.216796875,1203.2294921875,49.4800567626953,-2516.60717773438,1160.14074707031,38.5794715881348,-2819.33276367188,1257.76086425781,34.5361480712891,-3036.58056640625,1314.06188964844,94.2205963134766
4.96666666666667,-2296.44580078125,1200.9814453125,53.8586006164551,-2516.66821289062,1160.00891113281,38.6339454650879,-2840.22802734375,1254.22924804688,33.5750846862793,-3051.19750976562,1312.54870605469,91.4752960205078
4.98333333333333,-2296.69604492188,1202.12939453125,56.0000762939453,-2516.943359375,1160.45910644531,38.6013374328613,-2847.04296875,1252.50390625,30.8556842803955,-3054.73168945312,1311.58276367188,83.4860763549805
5,-2298.2138671875,1201.67785644531,60.5111846923828,-2517.44677734375,1161.14208984375,38.5507278442383,-2848.21435546875,1250.79309082031,28.9097595214844,NaN,NaN,NaN
5.01666666666667,-2300.21435546875,1201.45666503906,68.3601684570312,-2518.14086914062,1161.7099609375,38.5583229064941,-2853.74877929688,1247.59143066406,30.0074863433838,NaN,NaN,NaN
5.03333333333333,-2302.81689453125,1202.32788085938,76.150505065918,-2519.00146484375,1161.99340820312,38.6510200500488,-2857.60498046875,1246.00939941406,31.9013366699219,NaN,NaN,NaN
5.05,-2307.3173828125,1200.06604003906,86.2192916870117,-2520.0595703125,1162.02551269531,38.7831611633301,-2858.59423828125,1246.33142089844,33.7372589111328,NaN,NaN,NaN
5.06666666666667,-2313.73388671875,1198.66052246094,101.846496582031,-2521.404296875,1161.99987792969,38.8652839660645,-2857.89184570312,1247.78063964844,35.3339729309082,NaN,NaN,NaN
5.08333333333333,-2321.90161132812,1201.33911132812,117.280769348145,-2523.10546875,1162.14331054688,38.786922454834,-2856.67333984375,1249.58020019531,36.5102005004883,NaN,NaN,NaN
5.1,-2333.62109375,1200.05139160156,133.283432006836,-2525.09204101562,1162.53540039062,38.4025230407715,-2856.11376953125,1250.95324707031,37.0846633911133,NaN,NaN,NaN
5.11666666666667,-2349.96118164062,1199.41125488281,151.943740844727,-2527.17895507812,1163.1220703125,37.5822448730469,-2856.77954101562,1251.48571777344,37.0718307495117,NaN,NaN,NaN
5.13333333333333,-2367.3544921875,1199.55798339844,172.317077636719,-2529.2490234375,1163.82214355469,36.4026756286621,-2857.30810546875,1251.90869140625,37.0629653930664,NaN,NaN,NaN
5.15,-2390.33374023438,1198.23901367188,189.054290771484,-2531.81640625,1162.93884277344,49.0302238464355,-2857.67700195312,1252.20471191406,37.0665969848633,NaN,NaN,NaN
5.16666666666667,-2412.640625,1194.455078125,206.243835449219,-2535.921875,1160.51147460938,75.0954895019531,NaN,NaN,NaN,NaN,NaN,NaN
5.18333333333333,-2438.79711914062,1191.83154296875,224.117584228516,-2542.70263671875,1157.16027832031,109.326454162598,NaN,NaN,NaN,NaN,NaN,NaN
5.2,-2466.48022460938,1190.95336914062,239.96745300293,-2553.29663085938,1153.50561523438,146.451110839844,NaN,NaN,NaN,NaN,NaN,NaN
5.21666666666667,-2495.68017578125,1191.02038574219,250.845291137695,-2568.84155273438,1150.16772460938,181.197448730469,NaN,NaN,NaN,NaN,NaN,NaN
5.23333333333333,-2522.16040039062,1194.68017578125,255.155548095703,-2590.47534179688,1147.76708984375,208.29345703125,NaN,NaN,NaN,NaN,NaN,NaN
5.25,-2551.4814453125,1195.89929199219,256.673217773438,-2619.33520507812,1146.92395019531,222.467102050781,NaN,NaN,NaN,NaN,NaN,NaN
5.26666666666667,-2579.63745117188,1198.93176269531,254.045196533203,-2654.9755859375,1147.79223632812,222.357452392578,NaN,NaN,NaN,NaN,NaN,NaN
5.28333333333333,-2612.49609375,1197.41809082031,248.129028320312,NaN,NaN,NaN,NaN,NaN,NaN,NaN,NaN,NaN
5.3,-2649.578125,1200.109375,240.527709960938,NaN,NaN,NaN,NaN,NaN,NaN,NaN,NaN,NaN
5.31666666666667,-2680.2646484375,1199.23071289062,225.887084960938,NaN,NaN,NaN,NaN,NaN,NaN,NaN,NaN,NaN
5.33333333333333,-2722.1298828125,1202.61804199219,216.23713684082,NaN,NaN,NaN,NaN,NaN,NaN,NaN,NaN,NaN
